NAMA BARANG,MERK,KONDISI,LOKASI,TANGGAL DITERIMA
Digital Multimeter (Alat Ukur Universal),Digital Multimeter Fluke 15B Plus-AC DC,Baik,Sambikerep,2024-12-13
Tool Set,Toolkitset CHROME VANADIUM 187Pcs,Baik,Sambikerep,2023-04-11
Mesin Penghisap Debu/Vacuum Cleaner,Vacum Cleaner Multi Pro VC30-1 RL,Baik,Sambikerep,2024-11-22
Penangkal Petir,Grounding Tx Sambi Kerep TVRI Jatim,Baik,Sambikerep,2023-07-18
Televisi,LED TV Samsung Smart 32 Inch UA32T4500,Baik,Sambikerep,2023-04-11
Televisi,LED TV Samsung Smart 32 Inch UA32T4500,Baik,Sambikerep,2023-04-11
Encoder/Decoder,Ateme Kryion CM5000 SN 2050-00665,Baik,Sambikerep,2021-09-10
Unit Pemancar UHF Stationary,"Rochde & Schwartz / THU 9,2065,1240.30-103682-da",Baik,Sambikerep,2019-12-27
Peralatan Pemancar Lainnya,Alat Ukur Suhu Ruangan / CO2 Detector,Baik,Sambikerep,2024-11-22
Peralatan Pemancar Lainnya,Alat Ukur Suhu Ruangan / CO2 Detector,Baik,Sambikerep,2024-11-22
Peralatan Antena Penerima UHF,Antenna Outdoor Yagi,Baik,Sambikerep,2018-06-06
Digital Multimeter (Alat Ukur Universal),Digital Multimeter Fluke 15B Plus-AC DC,Baik,Gn. Gending,2024-12-13
Test Signal Generator,Test Signal Generator (TSG) Promax GV698,Baik,Gn. Gending,2018-12-31
Penangkal Petir,Grounding System Gn Gending,Baik,Gn. Gending,2021-06-02
Penangkal Petir,Grounding Tx Gn Gending TVRI Jatim,Baik,Gn. Gending,2023-10-17
Mesin Pemotong Rumput,Mesin Potong Rumput Yamamax Pro YX35,Baik,Gn. Gending,2024-11-22
Audio Amplifier,"Audio Amplifier ""Audio Pole PX-360""",Baik,Gn. Gending,2018-12-31
Audio Distribution,Audio Distributor Kramer Electronics VM-1110XL,Baik,Gn. Gending,2018-12-31
Audio Distribution,Audio Distributor Kramer Electronics VM-1110XL,Baik,Gn. Gending,2018-12-31
Audio Distribution,Audio Distributor Kramer Electronics VM-1110XL,Baik,Gn. Gending,2018-12-31
Audio Distribution,Audio Distributor Kramer Electronics VM-1110XL,Baik,Gn. Gending,2018-12-31
Audio Limiter,DBX 166 XSV-EU,Baik,Gn. Gending,2018-12-31
Audio Limiter,DBX 166 XSV-EU,Baik,Gn. Gending,2018-12-31
Audio Patch Panel,GHIELMETTI ASF 1X24,Baik,Gn. Gending,2018-12-31
Audio Monitor Active,Speakers JBL Control-1 Pro,Baik,Gn. Gending,2018-12-31
Uninterruptible Power Supply (UPS),SOCOMEC Masterys BC,Baik,Gn. Gending,2018-12-31
Automatic Voltage Regulator (AVR),AVR 25 KVA,Baik,Gn. Gending,2018-12-31
Automatic Voltage Regulator (AVR),AVR Smart 30 Kva,Baik,Gn. Gending,2023-10-18
Video Monitor,Video Monitor Samsung UE19H4000,Baik,Gn. Gending,2018-12-31
Video Monitor,Combined Waveform/Vector Scope Tektronix 1741C,Baik,Gn. Gending,2018-12-31
Video Patch Panel,CANAREE 12 DV-1U,Baik,Gn. Gending,2018-12-31
Rak Peralatan,"Wired Rack 19"" PIE Thomson",Baik,Gn. Gending,2018-12-31
Antene UHF Stationary,Antenna 2m40 dan C-Band LNB,Baik,Gn. Gending,2018-12-31
Peralatan Dummy Load Lainnya,Peralatan Dummy Load Lainnya,Baik,Gn. Gending,2017-12-31
Coaxial Feeder,RFS LCF 158,Baik,Gn. Gending,2013-01-22
Coaxial Feeder,RFS LCF 158,Baik,Gn. Gending,2013-01-22
Coaxial Feeder,RFS LCF 158,Baik,Gn. Gending,2013-01-22
Coaxial Feeder,RFS LCF 158,Baik,Gn. Gending,2013-01-22
Coaxial Feeder,RFS LCF 158,Baik,Gn. Gending,2013-01-22
Coaxial Feeder,RFS LCF 158,Baik,Gn. Gending,2013-01-22
Coaxial Feeder,RFS LCF 158,Baik,Gn. Gending,2013-01-22
Coaxial Feeder,RFS LCF 158,Baik,Gn. Gending,2013-01-22
Coaxial Feeder,RFS LCF 158,Baik,Gn. Gending,2013-01-22
Coaxial Feeder,RFS LCF 158,Baik,Gn. Gending,2013-01-22
Coaxial Feeder,RFS LCF 158,Baik,Gn. Gending,2013-01-22
Coaxial Feeder,RFS LCF 158,Baik,Gn. Gending,2013-01-22
Coaxial Feeder,RFS LCF 158,Baik,Gn. Gending,2013-01-22
Coaxial Feeder,RFS LCF 158,Baik,Gn. Gending,2013-01-22
Coaxial Feeder,RFS LCF 158,Baik,Gn. Gending,2013-01-22
Coaxial Feeder,RFS LCF 158,Baik,Gn. Gending,2013-01-22
Coaxial Feeder,RFS LCF 158,Baik,Gn. Gending,2013-01-22
Coaxial Feeder,RFS LCF 158,Baik,Gn. Gending,2013-01-22
Coaxial Feeder,RFS LCF 158,Baik,Gn. Gending,2013-01-22
Switcher/Patch Panel,RF patch panel AUVIDIS PA1915C-BNC50-103D-S,Baik,Gn. Gending,2018-12-31
Power transmitter,Transmitter 2 kw Multicast,Baik,Gn. Gending,2018-12-31
Peralatan Antena Pemancar dan Penerima UHF Lainnya,Peralatan Antena Pemancar dan Penerima UHF Lainnya,Baik,Gn. Gending,2017-12-31
Genset,Genset,Baik,Gn. Gending,2017-12-31
Peralatan Pemancar Lainnya,TV Demodulator Showman 1000,Baik,Gn. Gending,2018-12-31
Peralatan Pemancar Lainnya,Harmonic?s ProView? 7100,Baik,Gn. Gending,2020-09-19
Peralatan Pemancar Lainnya,Harmonic?s ProView? 7100,Baik,Gn. Gending,2020-09-19
Peralatan Pemancar Lainnya,Peralatan Pemancar Lainnya,Baik,Gn. Gending,2018-12-31
Peralatan Pemancar Lainnya,Peralatan Pemancar Lainnya,Baik,Gn. Gending,2018-12-31
Digital Multimeter (Alat Ukur Universal),Digital Multimeter Fluke 15B Plus-AC DC,Baik,Cemorosewu,2024-12-13
Test Signal Generator,Test Signal Generator (TSG) Promax GV698,Baik,Cemorosewu,2018-12-31
Televisi,"Samsung 32""",Baik,Cemorosewu,2013-12-09
Televisi,Televisi,Baik,Cemorosewu,2017-09-29
Televisi,Smart TV SAMSUNG 32 inch,Baik,Cemorosewu,2022-03-10
Amplifier,,Baik,Cemorosewu,1999-12-31
Video Distribution Amplifier,Video Distributor Kramer Electronics VM-80V,Baik,Cemorosewu,2018-12-31
Video Distribution Amplifier,Video Distributor Kramer Electronics VM-80V,Baik,Cemorosewu,2018-12-31
Video Monitor,"Video Monitor ""Samsung UE19H4000""",Baik,Cemorosewu,2018-12-31
Video Monitor,Combined Waveform/Vector Scope Tektronix 1741C,Baik,Cemorosewu,2018-12-31
Rak Peralatan,"Wired Rack 19"" PIE ""Thomson""",Baik,Cemorosewu,2018-12-31
Audio Monitor Active,Speakers JBL Control-1 Pro,Baik,Cemorosewu,2018-12-31
Audio Monitor Active,Monitoring PIE JBL Control-1 Pro,Baik,Cemorosewu,2018-12-31
Audio Patch Panel,Audio Patch Panel GHIELMETTI ASF 1X24,Baik,Cemorosewu,2018-12-31
Audio Distribution,Audio Distributor Amplifiers Kramer Electronics,Baik,Cemorosewu,2018-12-31
Audio Distribution,Audio Distributor Amplifiers Kramer Electronics,Baik,Cemorosewu,2018-12-31
Audio Distribution,Audio Distributor Amplifiers Kramer Electronics,Baik,Cemorosewu,2018-12-31
Audio Distribution,Audio Distributor Amplifiers Kramer Electronics,Baik,Cemorosewu,2018-12-31
Audio Limiter,"Audio Limiter ""DBX 166 XSV-EU""",Baik,Cemorosewu,2018-12-31
Audio Limiter,"Audio Limiter ""DBX 166 XSV-EU""",Baik,Cemorosewu,2018-12-31
Automatic Voltage Regulator (AVR),AVR 45 KVA,Baik,Cemorosewu,2018-12-31
Antene UHF Stationary,Antenna 2m40 with C-Band LNB,Baik,Cemorosewu,2018-12-31
Peralatan Dummy Load Lainnya,Dummy Load & Patch Panel,Baik,Cemorosewu,2018-12-31
Peralatan Pemancar dan Penerima VHF lainnya,,Baik,Cemorosewu,1999-12-31
Power transmitter,Transmitter system 5 kW Multicast,Baik,Cemorosewu,2018-12-31
Peralatan Antena Pemancar dan Penerima UHF Lainnya,Peralatan Antena Pemancar dan Penerima UHF Lainnya,Baik,Cemorosewu,2017-12-31
Genset,Diesel Gen 66 KVA SDMO J66K,Baik,Cemorosewu,2018-12-31
Peralatan Pemancar Lainnya,"TV Demodulator Showman ""1000""",Baik,Cemorosewu,2018-12-31
Peralatan Pemancar Lainnya,IRD + TVRO Thomson Video Network RD 4000,Baik,Cemorosewu,2018-12-31
Peralatan Pemancar Lainnya,IRD + TVRO Thomson Video Network RD 4000,Baik,Cemorosewu,2018-12-31
Peralatan Pemancar Lainnya,Alat Ukur Suhu Ruangan / CO2 Detector,Baik,Cemorosewu,2024-11-22
"Feeder Lainnya (Alat Studio, Komunikasi Dan Pemancar)","Feeder Lainnya (Alat Studio, Komunikasi Dan Pemanc",Baik,Cemorosewu,2017-12-31
Switcher/Patch Panel,RF patch panel AUVIDIS PA1915C-BNC50-103D-S,Baik,Cemorosewu,2018-12-31
Digital Multimeter (Alat Ukur Universal),Digital Multimeter Fluke 15B Plus-AC DC,Baik,Wonogondo,2024-12-13
Mesin Penghisap Debu/Vacuum Cleaner,Vacum Cleaner Multi Pro VC30-1 RL,Baik,Wonogondo,2024-11-22
Mesin Pemotong Rumput,Mesin Potong Rumput Yamamax Pro YX35,Baik,Wonogondo,2024-11-22
Televisi,"LG 32M630BPTB 32""",Baik,Wonogondo,2020-03-31
Uninterruptible Power Supply (UPS),,Baik,Wonogondo,2002-12-31
Uninterruptible Power Supply (UPS),Powerscale New Wawe,Baik,Wonogondo,2013-01-22
Off Air TV Monitor,SCIENTIFIC-ATLANTA MARCOPOLO,Baik,Wonogondo,2011-03-09
Video Distribution Amplifier,Rossgear,Baik,Wonogondo,2013-01-22
Video Distribution Amplifier,Video Distributor Kramer Electronics VM-80V,Baik,Wonogondo,2018-12-31
Peralatan Pemancar UHF Lainnya,Rohde & Schwarz/SCX 8300,Baik,Wonogondo,2013-01-22
Peralatan Pemancar dan Penerima VHF lainnya,,Baik,Wonogondo,1971-12-31
Peralatan Pemancar dan Penerima VHF lainnya,,Baik,Wonogondo,1971-12-31
Peralatan Pemancar Lainnya,Tredess Exciter,Baik,Wonogondo,2021-06-11
Peralatan Pemancar Lainnya,IRD ADV-1000 DVB with S/S2 Tuner,Baik,Wonogondo,2023-04-18
Peralatan Pemancar Lainnya,Alat Ukur Suhu Ruangan / CO2 Detector,Baik,Wonogondo,2024-11-22
TV Monitor,Data Video TLM 170 HR,Baik,Wonogondo,2013-01-22
Digital Multimeter (Alat Ukur Universal),Digital Multimeter Fluke 15B Plus-AC DC,Baik,Besuki,2024-12-13
Televisi,Smart TV SAMSUNG 32 inch,Baik,Besuki,2022-03-10
Televisi,"TV 32"" SAMSUNG",Baik,Besuki,2024-02-01
Peralatan Pemancar UHF Lainnya,Rohde & Schwarz/NH 8300,Baik,Besuki,2013-01-22
Coaxial Feeder,RFS LCF 158,Baik,Besuki,2013-01-22
Coaxial Feeder,RFS LCF 158,Baik,Besuki,2013-01-22
Coaxial Feeder,RFS LCF 158,Baik,Besuki,2013-01-22
Coaxial Feeder,RFS LCF 158,Baik,Besuki,2013-01-22
Coaxial Feeder,RFS LCF 158,Baik,Besuki,2013-01-22
Coaxial Feeder,RFS LCF 158,Baik,Besuki,2013-01-22
Coaxial Feeder,RFS LCF 158,Baik,Besuki,2013-01-22
Coaxial Feeder,RFS LCF 158,Baik,Besuki,2013-01-22
Coaxial Feeder,RFS LCF 158,Baik,Besuki,2013-01-22
Coaxial Feeder,RFS LCF 158,Baik,Besuki,2013-01-22
Coaxial Feeder,RFS LCF 158,Baik,Besuki,2013-01-22
Coaxial Feeder,RFS LCF 158,Baik,Besuki,2013-01-22
Coaxial Feeder,RFS LCF 158,Baik,Besuki,2013-01-22
Peralatan Pemancar Lainnya,Alat Ukur Suhu Ruangan / CO2 Detector,Baik,Besuki,2024-11-22
Digital Multimeter (Alat Ukur Universal),Digital Multimeter Fluke 15B Plus-AC DC,Baik,Gn. Doek,2024-12-13
Mesin Penghisap Debu/Vacuum Cleaner,Vacum Cleaner Multi Pro VC30-1 RL,Baik,Gn. Doek,2024-11-22
Penangkal Petir,Grounding System Gn Doek,Baik,Gn. Doek,2021-06-02
Mesin Pemotong Rumput,Mesin Potong Rumput Yamamax Pro YX35,Baik,Gn. Doek,2024-11-22
Televisi,LED TV Samsung Smart 32 Inch UA32T4500,Baik,Gn. Doek,2023-04-11
Televisi,SMART TV HD 32 Inch LG 32LR650 Include Bracket,Baik,Gn. Doek,2024-03-26
Automatic Voltage Regulator (AVR),AVR 45 KVA,Baik,Gn. Doek,2018-12-31
Encoder/Decoder,Harmonic Electra? X2S,Baik,Gn. Doek,2020-09-19
Antene UHF Stationary,Antenna 2m40 with C-Band LNB.,Baik,Gn. Doek,2018-12-31
Peralatan Pemancar dan Penerima VHF lainnya,,Baik,Gn. Doek,2002-12-31
Peralatan Pemancar dan Penerima VHF lainnya,,Baik,Gn. Doek,2002-12-31
Peralatan Pemancar dan Penerima VHF lainnya,,Baik,Gn. Doek,2002-12-31
Peralatan Pemancar dan Penerima VHF lainnya,,Baik,Gn. Doek,2002-12-31
Peralatan Antena Pemancar dan Penerima UHF Lainnya,Peralatan Antena Pemancar dan Penerima UHF Lainnya,Baik,Gn. Doek,2017-12-31
Genset,Genset,Baik,Gn. Doek,2017-12-31
Peralatan Pemancar Lainnya,Alat Ukur Suhu Ruangan / CO2 Detector,Baik,Gn. Doek,2024-11-22
Mesin Penghisap Debu/Vacuum Cleaner,Vacum Cleaner Multi Pro VC30-1 RL,Baik,Oro-oro Ombo,2024-11-22
Televisi,LED TV Samsung Smart 32 Inch UA32T4500,Baik,Oro-oro Ombo,2023-04-11
Uninterruptible Power Supply (UPS),Toshiba UPS 4400 (4400M3H250XA),Baik,Oro-oro Ombo,2023-06-06
Uninterruptible Power Supply (UPS),UPS Salicru SLC-2000-Twin Pro2 2 Kva,Baik,Oro-oro Ombo,2023-06-26
Automatic Voltage Regulator (AVR),AVR 45 KVA,Baik,Oro-oro Ombo,2018-12-31
Automatic Voltage Regulator (AVR),Powercare AVR Plus 40 Kva,Baik,Oro-oro Ombo,2023-04-17
Unit Pemancar UHF Stationary,,Baik,Oro-oro Ombo,2002-12-31
Peralatan Antena VHF/FM Lainnya,BTESA_ORO ORO OMBO,Baik,Oro-oro Ombo,2010-07-26
Antene UHF Stationary,General Dynamics 1252 Series,Baik,Oro-oro Ombo,2018-12-31
Coaxial Feeder,RFS LCF 158,Baik,Oro-oro Ombo,2013-01-22
Coaxial Feeder,RFS LCF 158,Baik,Oro-oro Ombo,2013-01-22
Coaxial Feeder,RFS LCF 158,Baik,Oro-oro Ombo,2013-01-22
Coaxial Feeder,RFS LCF 158,Baik,Oro-oro Ombo,2013-01-22
Coaxial Feeder,RFS LCF 158,Baik,Oro-oro Ombo,2013-01-22
Coaxial Feeder,RFS LCF 158,Baik,Oro-oro Ombo,2013-01-22
Coaxial Feeder,RFS LCF 158,Baik,Oro-oro Ombo,2013-01-22
Coaxial Feeder,RFS LCF 158,Baik,Oro-oro Ombo,2013-01-22
Coaxial Feeder,RFS LCF 158,Baik,Oro-oro Ombo,2013-01-22
Coaxial Feeder,RFS LCF 158,Baik,Oro-oro Ombo,2013-01-22
Coaxial Feeder,RFS LCF 158,Baik,Oro-oro Ombo,2013-01-22
Coaxial Feeder,RFS LCF 158,Baik,Oro-oro Ombo,2013-01-22
Coaxial Feeder,RFS LCF 158,Baik,Oro-oro Ombo,2013-01-22
Coaxial Feeder,RFS LCF 158,Baik,Oro-oro Ombo,2013-01-22
Coaxial Feeder,RFS LCF 158,Baik,Oro-oro Ombo,2013-01-22
Coaxial Feeder,RFS LCF 158,Baik,Oro-oro Ombo,2013-01-22
Coaxial Feeder,RFS LCF 158,Baik,Oro-oro Ombo,2013-01-22
Coaxial Feeder,RFS LCF 158,Baik,Oro-oro Ombo,2013-01-22
Coaxial Feeder,RFS LCF 158,Baik,Oro-oro Ombo,2013-01-22
Peralatan Antena Pemancar dan Penerima UHF Lainnya,Antenna System,Baik,Oro-oro Ombo,2018-12-31
Receiver STL/UHF,BTESA_ORO ORO OMBO,Baik,Oro-oro Ombo,2010-07-26
Genset,Genset,Baik,Oro-oro Ombo,2017-12-31
Mesin Penghisap Debu/Vacuum Cleaner,Vacum Cleaner Multi Pro VC30-1 RL,Baik,Tuban,2024-11-22
Televisi,Smart TV SAMSUNG 32 inch,Baik,Tuban,2022-03-10
Automatic Voltage Regulator (AVR),AVR 45 KVA,Baik,Tuban,2018-12-31
Automatic Voltage Regulator (AVR),AVR Smart 40 Kva,Baik,Tuban,2023-10-12
Encoder/Decoder,Harmonic Electra? X2S,Baik,Tuban,2020-09-19
Antene UHF Stationary,Antenna 2m40 with C-Band LNB,Baik,Tuban,2018-12-31
Peralatan Pemancar dan Penerima VHF lainnya,,Baik,Tuban,1991-12-31
Peralatan Antena Pemancar dan Penerima UHF Lainnya,Peralatan Antena Pemancar dan Penerima UHF Lainnya,Baik,Tuban,2017-12-31
Genset,Genset,Baik,Tuban,2017-12-31
Televisi,SMART TV HD 32 Inch LG 32LR650 Include Bracket,Baik,Gn. Pandan,2024-03-26
Uninterruptible Power Supply (UPS),Vektor Abrelex RS 2000,Baik,Gn. Pandan,2022-12-09
Antene UHF Stationary,Antenna 2m40 with C-Band LNB,Baik,Gn. Pandan,2018-12-31
Automatic Voltage Regulator (AVR),AVR 60 KVA,Baik,Gn. Pandan,2018-12-31
Encoder/Decoder,ATEME Titan Live,Baik,Gn. Pandan,2022-12-09
Rak Peralatan,IndorackIR9042,Baik,Gn. Pandan,2022-12-09
Coaxial Feeder,RFS LCF 158,Baik,Gn. Pandan,2013-01-22
Coaxial Feeder,RFS LCF 158,Baik,Gn. Pandan,2013-01-22
Coaxial Feeder,RFS LCF 158,Baik,Gn. Pandan,2013-01-22
Coaxial Feeder,RFS LCF 158,Baik,Gn. Pandan,2013-01-22
Coaxial Feeder,RFS LCF 158,Baik,Gn. Pandan,2013-01-22
Coaxial Feeder,RFS LCF 158,Baik,Gn. Pandan,2013-01-22
Coaxial Feeder,RFS LCF 158,Baik,Gn. Pandan,2013-01-22
Coaxial Feeder,RFS LCF 158,Baik,Gn. Pandan,2013-01-22
Coaxial Feeder,RFS LCF 158,Baik,Gn. Pandan,2013-01-22
Coaxial Feeder,RFS LCF 158,Baik,Gn. Pandan,2013-01-22
Coaxial Feeder,RFS LCF 158,Baik,Gn. Pandan,2013-01-22
Coaxial Feeder,RFS LCF 158,Baik,Gn. Pandan,2013-01-22
Coaxial Feeder,RFS LCF 158,Baik,Gn. Pandan,2013-01-22
Coaxial Feeder,RFS LCF 158,Baik,Gn. Pandan,2013-01-22
Coaxial Feeder,RFS LCF 158,Baik,Gn. Pandan,2013-01-22
Coaxial Feeder,RFS LCF 158,Baik,Gn. Pandan,2013-01-22
Coaxial Feeder,RFS LCF 158,Baik,Gn. Pandan,2013-01-22
Coaxial Feeder,RFS LCF 158,Baik,Gn. Pandan,2013-01-22
Multiplex Terminal Equipment,ATEME Titan MUX,Baik,Gn. Pandan,2022-12-09
Peralatan Antena Pemancar dan Penerima UHF Lainnya,Peralatan Antena Pemancar dan Penerima UHF Lainnya,Baik,Gn. Pandan,2017-12-31
Genset,Genset,Baik,Gn. Pandan,2017-12-31
Peralatan Pemancar Lainnya,Etis 2000 TV,Baik,Gn. Pandan,2022-12-09
Peralatan Pemancar Lainnya,BLACK MAGIC Mini Converter Analog to SDI,Baik,Gn. Pandan,2022-12-09
Peralatan Pemancar Lainnya,ATEME Kyrion DR5000,Baik,Gn. Pandan,2022-12-09
Peralatan Pemancar Lainnya,ATEME Kyrion DR5000,Baik,Gn. Pandan,2022-12-09
Change Over Switch,Panel LVDMP 865 Kva TVRI Jatim,Baik,TVRI Pusat Jatim,2023-12-10
Change Over Switch,Panel MDP 660 Kva TVRI Jatim,Baik,TVRI Pusat Jatim,2023-12-11
Tool Set,Toolkitset CHROME VANADIUM 187Pcs,Baik,TVRI Pusat Jatim,2023-04-11
Peralatan Pemancar Lainnya,Alat Ukur Suhu Ruangan / CO2 Detector,Baik,TVRI Pusat Jatim,2024-11-22
Mesin Penghisap Debu/Vacuum Cleaner,Vacum Cleaner Multi Pro VC30-1 RL,Baik,TVRI Pusat Jatim,2024-11-22
Uninterruptible Power Supply (UPS),UPS Salicru SLC-2000-Twin Pro2 2 Kva,Baik,TVRI Pusat Jatim,2023-06-26
Uninterruptible Power Supply (UPS),UPS 6KVA APC SRV6KI,Baik,TVRI Pusat Jatim,2024-12-13
Televisi,Smart TV SAMSUNG 32 inch,Baik,TVRI Pusat Jatim,2022-03-10
Televisi,LED TV Samsung Smart 32 Inch UA32T4500,Baik,TVRI Pusat Jatim,2023-04-11
Televisi,SMART TV HD 32 Inch LG 32LR650 Include Bracket,Baik,TVRI Pusat Jatim,2024-03-26
Televisi,SMART TV HD 32 Inch LG 32LR650 Include Bracket,Baik,TVRI Pusat Jatim,2024-03-26
Peralatan Studio Audio Lainnya,Video Sender Digital,Baik,TVRI Pusat Jatim,2016-10-31
Automatic Voltage Regulator (AVR),ORTEA URION Y 250-15,Baik,TVRI Pusat Jatim,2011-03-09
Peralatan Pemancar UHF Lainnya,PERALATAN PENDUKUNG TRANSMISI,Baik,TVRI Pusat Jatim,2015-10-21
Peralatan Antena VHF/FM Lainnya,BTESA_SURABAYA,Baik,TVRI Pusat Jatim,2010-07-26
Antena All Band,Antena,Baik,TVRI Pusat Jatim,2012-11-23
Antena All Band,Antena,Baik,TVRI Pusat Jatim,2017-09-29
Peralatan Antena SHF/Parabola Lainnya,Parabola 9feet,Baik,TVRI Pusat Jatim,2014-12-31
Coaxial Feeder,RFS LCF 158,Baik,TVRI Pusat Jatim,2013-01-22
Coaxial Feeder,RFS LCF 158,Baik,TVRI Pusat Jatim,2013-01-22
Receiver STL/UHF,BTESA_SURABAYA,Baik,TVRI Pusat Jatim,2010-07-26
Genset,"Genset Portable KRISBOW, Bahan bakar mesin, Stand Output 8000W, Teg. 220V, Frekwensi 50 (Hz), Tank 26 Liter, 4Tak, Dimensi 95x53x75 cm)",Baik,TVRI Pusat Jatim,2022-11-25
Genset,Honda Eu70is,Baik,TVRI Pusat Jatim,2023-11-17
Encoder/Decoder,,Baik,TVRI Pusat Jatim,2005-12-31
Encoder/Decoder,HARMONIC DIVICOM ION,Baik,TVRI Pusat Jatim,2011-03-09
Encoder/Decoder,HARMONIC DIVICOM ION,Baik,TVRI Pusat Jatim,2011-03-09
Unit Pemancar UHF Stationary,ROHDE & SCHWARZ NH-8620,Baik,TVRI Pusat Jatim,2011-03-09
Unit Pemancar UHF Stationary,ELECTROSYS TL6D5K,Baik,TVRI Pusat Jatim,2011-03-09
Peralatan Antena Penerima UHF,,Baik,TVRI Pusat Jatim,2010-02-23
Peralatan Antena Penerima UHF,,Baik,TVRI Pusat Jatim,2012-08-03
Peralatan Antena Penerima UHF,,Baik,TVRI Pusat Jatim,2012-08-03
Peralatan Antena Penerima UHF,,Baik,TVRI Pusat Jatim,2012-08-03
Peralatan Antena Penerima UHF,Antenna Outdoor Yagi,Baik,TVRI Pusat Jatim,2018-06-06
Peralatan Pemancar dan Penerima VHF lainnya,,Baik,TVRI Pusat Jatim,1987-12-31
Peralatan Pemancar dan Penerima VHF lainnya,,Baik,TVRI Pusat Jatim,1987-12-31
Peralatan Pemancar dan Penerima VHF lainnya,,Baik,TVRI Pusat Jatim,1987-12-31
Peralatan Pemancar dan Penerima VHF lainnya,,Baik,TVRI Pusat Jatim,1987-12-31
Peralatan Pemancar dan Penerima UHF Lainnya,,Baik,TVRI Pusat Jatim,2002-12-31
Unit Antena Transceiver VHF Stationary,,Baik,TVRI Pusat Jatim,1974-12-31
Peralatan Antena Pemancar dan Penerima UHF Lainnya,ROHDE & SCHWARZ NH-8620,Baik,TVRI Pusat Jatim,2011-03-09
Mesin Penghisap Debu/Vacuum Cleaner,Vacum Cleaner Multi Pro VC30-1 RL,Baik,Alas Malang,2024-11-22
Mesin Pemotong Rumput,Mesin Potong Rumput Yamamax Pro YX35,Baik,Alas Malang,2024-11-22
Antene UHF Stationary,C-Band LNB Norsat 3530 C,Baik,Alas Malang,2018-12-31
Coaxial Feeder,RFS LCF 158,Baik,Alas Malang,2013-01-22
Coaxial Feeder,RFS LCF 158,Baik,Alas Malang,2013-01-22
Coaxial Feeder,RFS LCF 158,Baik,Alas Malang,2013-01-22
Coaxial Feeder,RFS LCF 158,Baik,Alas Malang,2013-01-22
Coaxial Feeder,RFS LCF 158,Baik,Alas Malang,2013-01-22
Coaxial Feeder,RFS LCF 158,Baik,Alas Malang,2013-01-22
Coaxial Feeder,RFS LCF 158,Baik,Alas Malang,2013-01-22
Coaxial Feeder,RFS LCF 158,Baik,Alas Malang,2013-01-22
Coaxial Feeder,RFS LCF 158,Baik,Alas Malang,2013-01-22
Coaxial Feeder,RFS LCF 158,Baik,Alas Malang,2013-01-22
Coaxial Feeder,RFS LCF 158,Baik,Alas Malang,2013-01-22
Coaxial Feeder,RFS LCF 158,Baik,Alas Malang,2013-01-22
Coaxial Feeder,RFS LCF 158,Baik,Alas Malang,2013-01-22
Coaxial Feeder,RFS LCF 158,Baik,Alas Malang,2013-01-22
Coaxial Feeder,RFS LCF 158,Baik,Alas Malang,2013-01-22
Coaxial Feeder,RFS LCF 158,Baik,Alas Malang,2013-01-22
Coaxial Feeder,RFS LCF 158,Baik,Alas Malang,2013-01-22
Peralatan Pemancar dan Penerima VHF lainnya,,Baik,Alas Malang,1982-12-31
Peralatan Pemancar Lainnya,Alat Ukur Suhu Ruangan / CO2 Detector,Baik,Alas Malang,2024-11-22
Mesin Penghisap Debu/Vacuum Cleaner,Vacum Cleaner Multi Pro VC30-1 RL,Baik,Gn. Brengos,2024-11-22
Audio Monitor Active,Speakers JBL Control-1 Pro,Baik,Gn. Brengos,2018-12-31
Audio Patch Panel,Audio Patch Panel GHIELMETTI ASF 1X24,Baik,Gn. Brengos,2018-12-31
Audio Distribution,Audio Distributor Kramer Electronics VM-1110XL,Baik,Gn. Brengos,2018-12-31
Audio Distribution,Audio Distributor Kramer Electronics VM-1110XL,Baik,Gn. Brengos,2018-12-31
Audio Distribution,Audio Distributor Kramer Electronics VM-1110XL,Baik,Gn. Brengos,2018-12-31
Audio Distribution,Audio Distributor Kramer Electronics VM-1110XL,Baik,Gn. Brengos,2018-12-31
Audio Limiter,Audio Limiter DBX 166 XSV-EU,Baik,Gn. Brengos,2018-12-31
Audio Limiter,Audio Limiter DBX 166 XSV-EU,Baik,Gn. Brengos,2018-12-31
Uninterruptible Power Supply (UPS),Vektor Abrelex RS 2000,Baik,Gn. Brengos,2022-12-09
Automatic Voltage Regulator (AVR),AVR 25 KVA,Baik,Gn. Brengos,2018-12-31
Encoder/Decoder,ATEME Titan Live,Baik,Gn. Brengos,2022-12-09
Video Distribution Amplifier,Video Distributor Amplifiers Kramer Electronics V,Baik,Gn. Brengos,2018-12-31
Video Distribution Amplifier,Video Distributor Amplifiers Kramer Electronics V,Baik,Gn. Brengos,2018-12-31
Video Monitor,"Combined Waveform/Vector Scope "" Tektronix 1741C""",Baik,Gn. Brengos,2018-12-31
Video Monitor,Video Monitor Samsung UE19H4000,Baik,Gn. Brengos,2018-12-31
Video Patch Panel,Video Patch Panel. CANAREE 12 DV-1U,Baik,Gn. Brengos,2018-12-31
Rak Peralatan,"Wired Rack 19"" PIE Thomson",Baik,Gn. Brengos,2018-12-31
Rak Peralatan,IndorackIR9042,Baik,Gn. Brengos,2022-12-09
Televisi,Smart TV SAMSUNG 32 inch,Baik,Gn. Brengos,2022-03-10
Televisi,SMART TV HD 32 Inch LG 32LR650 Include Bracket,Baik,Gn. Brengos,2024-03-26
Audio Amplifier,Audio Amplifier Audio Pole PX-360,Baik,Gn. Brengos,2018-12-31
Antene UHF Stationary,Antenna 2m40 with C-Band LNB,Baik,Gn. Brengos,2018-12-31
Coaxial Feeder,RFS LCF 158,Baik,Gn. Brengos,2013-01-22
Coaxial Feeder,RFS LCF 158,Baik,Gn. Brengos,2013-01-22
Coaxial Feeder,RFS LCF 158,Baik,Gn. Brengos,2013-01-22
Coaxial Feeder,RFS LCF 158,Baik,Gn. Brengos,2013-01-22
Coaxial Feeder,RFS LCF 158,Baik,Gn. Brengos,2013-01-22
Coaxial Feeder,RFS LCF 158,Baik,Gn. Brengos,2013-01-22
Coaxial Feeder,RFS LCF 158,Baik,Gn. Brengos,2013-01-22
Coaxial Feeder,RFS LCF 158,Baik,Gn. Brengos,2013-01-22
Coaxial Feeder,RFS LCF 158,Baik,Gn. Brengos,2013-01-22
Coaxial Feeder,RFS LCF 158,Baik,Gn. Brengos,2013-01-22
Coaxial Feeder,RFS LCF 158,Baik,Gn. Brengos,2013-01-22
Coaxial Feeder,RFS LCF 158,Baik,Gn. Brengos,2013-01-22
Coaxial Feeder,RFS LCF 158,Baik,Gn. Brengos,2013-01-22
Coaxial Feeder,RFS LCF 158,Baik,Gn. Brengos,2013-01-22
Coaxial Feeder,RFS LCF 158,Baik,Gn. Brengos,2013-01-22
Coaxial Feeder,RFS LCF 158,Baik,Gn. Brengos,2013-01-22
Coaxial Feeder,RFS LCF 158,Baik,Gn. Brengos,2013-01-22
Coaxial Feeder,RFS LCF 158,Baik,Gn. Brengos,2013-01-22
Coaxial Feeder,RFS LCF 158,Baik,Gn. Brengos,2013-01-22
Coaxial Feeder,RFS LCF 158,Baik,Gn. Brengos,2013-01-22
"Feeder Lainnya (Alat Studio, Komunikasi Dan Pemancar)",Feeders RFS HCA 400-50J,Baik,Gn. Brengos,2018-12-31
Switcher/Patch Panel,RF patch panel AUVIDIS PA1915C-BNC50-103D-S,Baik,Gn. Brengos,2018-12-31
Multiplex Terminal Equipment,ATEME Titan MUX,Baik,Gn. Brengos,2022-12-09
Power transmitter,Transmitter 2 kW Multicast,Baik,Gn. Brengos,2018-12-31
Peralatan Antena Pemancar dan Penerima UHF Lainnya,Peralatan Antena Pemancar dan Penerima UHF Lainnya,Baik,Gn. Brengos,2017-12-31
Genset,Genset,Baik,Gn. Brengos,2017-12-31
Peralatan Pemancar Lainnya,TV Demodulator Showman1000,Baik,Gn. Brengos,2018-12-31
Peralatan Pemancar Lainnya,TV Demodulator Showman 1000,Baik,Gn. Brengos,2018-12-31
Peralatan Pemancar Lainnya,Etis 2000 TV,Baik,Gn. Brengos,2022-12-09
Peralatan Pemancar Lainnya,BLACK MAGIC Mini Converter Analog to SDI,Baik,Gn. Brengos,2022-12-09
Peralatan Pemancar Lainnya,ATEME Kyrion DR5000,Baik,Gn. Brengos,2022-12-09
Peralatan Pemancar Lainnya,ATEME Kyrion DR5000,Baik,Gn. Brengos,2022-12-09
Penangkal Petir,Grounding TVRI Jatim,Baik,Gn. Brengik,2023-04-15
Peralatan Pemancar dan Penerima VHF lainnya,,Baik,Gn. Brengik,2002-12-31
Peralatan Pemancar dan Penerima VHF lainnya,,Baik,Gn. Brengik,2002-12-31
Peralatan Pemancar dan Penerima VHF lainnya,,Baik,Gn. Brengik,2002-12-31
Peralatan Pemancar dan Penerima VHF lainnya,,Baik,Gn. Brengik,2002-12-31
Peralatan Antena Pemancar dan Penerima UHF Lainnya,,Baik,Gn. Brengik,2010-02-23
Peralatan Antena VHF/FM Lainnya,BTESA_GN.GEBUG,Baik,Gn Gebug,2010-07-26
Receiver STL/UHF,BTESA_GN.GEBUG,Baik,Gn Gebug,2010-07-26
Amplifier,Mega Vox Type PEQ 2310,Baik,TVRI Pusat Jatim,2012-09-19
Video Router,BMD Smartvideo hub 20x20 sn 7035417,Baik,TVRI Pusat Jatim,2021-11-12
Peralatan Pemancar UHF Lainnya,,Baik,TVRI Pusat Jatim,2002-12-31
Peralatan Pemancar UHF Lainnya,,Baik,TVRI Pusat Jatim,2002-12-31
Peralatan Antena UHF Lainnya,Sistem Antena UHF 12 panel ( Four Dipole Array ),Baik,TVRI Pusat Jatim,2013-01-22
Peralatan Antena UHF Lainnya,OMB / PD2000,Baik,TVRI Pusat Jatim,2013-01-22
Peralatan Antena UHF Lainnya,Antena TV Digital Outdoor,Baik,TVRI Pusat Jatim,2014-02-03
Peralatan Antena UHF Lainnya,Antena Digital Indoor,Baik,TVRI Pusat Jatim,2014-02-03
Coaxial Feeder,RFS LCF 158,Baik,TVRI Pusat Jatim,2013-01-22
Coaxial Feeder,RFS LCF 158,Baik,TVRI Pusat Jatim,2013-01-22
Coaxial Feeder,RFS LCF 158,Baik,TVRI Pusat Jatim,2013-01-22
Coaxial Feeder,RFS LCF 158,Baik,TVRI Pusat Jatim,2013-01-22
Coaxial Feeder,RFS LCF 158,Baik,TVRI Pusat Jatim,2013-01-22
Coaxial Feeder,RFS LCF 158,Baik,TVRI Pusat Jatim,2013-01-22
Coaxial Feeder,RFS LCF 158,Baik,TVRI Pusat Jatim,2013-01-22
Coaxial Feeder,RFS LCF 158,Baik,TVRI Pusat Jatim,2013-01-22
Coaxial Feeder,RFS LCF 158,Baik,TVRI Pusat Jatim,2013-01-22
Coaxial Feeder,RFS LCF 158,Baik,TVRI Pusat Jatim,2013-01-22
Coaxial Feeder,RFS LCF 158,Baik,TVRI Pusat Jatim,2013-01-22
Coaxial Feeder,RFS LCF 158,Baik,TVRI Pusat Jatim,2013-01-22
Coaxial Feeder,RFS / LCF 158,Baik,TVRI Pusat Jatim,2013-01-22
Coaxial Feeder,RFS / LCF 158,Baik,TVRI Pusat Jatim,2013-01-22
Coaxial Feeder,RFS / LCF 158,Baik,TVRI Pusat Jatim,2013-01-22
Coaxial Feeder,RFS / LCF 158,Baik,TVRI Pusat Jatim,2013-01-22
Coaxial Feeder,RFS / LCF 158,Baik,TVRI Pusat Jatim,2013-01-22
Coaxial Feeder,RFS / LCF 158,Baik,TVRI Pusat Jatim,2013-01-22
Coaxial Feeder,RFS / LCF 158,Baik,TVRI Pusat Jatim,2013-01-22
Coaxial Feeder,RFS / LCF 158,Baik,TVRI Pusat Jatim,2013-01-22
Coaxial Feeder,RFS / LCF 158,Baik,TVRI Pusat Jatim,2013-01-22
Coaxial Feeder,RFS / LCF 158,Baik,TVRI Pusat Jatim,2013-01-22
Coaxial Feeder,RFS / LCF 158,Baik,TVRI Pusat Jatim,2013-01-22
Coaxial Feeder,RFS / LCF 158,Baik,TVRI Pusat Jatim,2013-01-22
Coaxial Feeder,RFS / LCF 158,Baik,TVRI Pusat Jatim,2013-01-22
Coaxial Feeder,RFS / LCF 158,Baik,TVRI Pusat Jatim,2013-01-22
Coaxial Feeder,RFS / LCF 158,Baik,TVRI Pusat Jatim,2013-01-22
Coaxial Feeder,RFS / LCF 158,Baik,TVRI Pusat Jatim,2013-01-22
Coaxial Feeder,RFS / LCF 158,Baik,TVRI Pusat Jatim,2013-01-22
Coaxial Feeder,RFS / LCF 158,Baik,TVRI Pusat Jatim,2013-01-22
Coaxial Feeder,RFS / LCF 158,Baik,TVRI Pusat Jatim,2013-01-22
Coaxial Feeder,RFS / LCF 158,Baik,TVRI Pusat Jatim,2013-01-22
Coaxial Feeder,RFS / LCF 158,Baik,TVRI Pusat Jatim,2013-01-22
Coaxial Feeder,RFS / LCF 158,Baik,TVRI Pusat Jatim,2013-01-22
Coaxial Feeder,RFS / LCF 158,Baik,TVRI Pusat Jatim,2013-01-22
Coaxial Feeder,RFS / LCF 158,Baik,TVRI Pusat Jatim,2013-01-22
Coaxial Feeder,RFS / LCF 158,Baik,TVRI Pusat Jatim,2013-01-22
Coaxial Feeder,RFS / LCF 158,Baik,TVRI Pusat Jatim,2013-01-22
Coaxial Feeder,RFS / LCF 158,Baik,TVRI Pusat Jatim,2013-01-22
Coaxial Feeder,RFS / LCF 158,Baik,TVRI Pusat Jatim,2013-01-22
Coaxial Feeder,RFS / LCF 158,Baik,TVRI Pusat Jatim,2013-01-22
Coaxial Feeder,RFS / LCF 158,Baik,TVRI Pusat Jatim,2013-01-22
Coaxial Feeder,RFS / LCF 158,Baik,TVRI Pusat Jatim,2013-01-22
Coaxial Feeder,RFS / LCF 158,Baik,TVRI Pusat Jatim,2013-01-22
Coaxial Feeder,RFS / LCF 158,Baik,TVRI Pusat Jatim,2013-01-22
Coaxial Feeder,RFS / LCF 158,Baik,TVRI Pusat Jatim,2013-01-22
Coaxial Feeder,RFS / LCF 158,Baik,TVRI Pusat Jatim,2013-01-22
Coaxial Feeder,RFS / LCF 158,Baik,TVRI Pusat Jatim,2013-01-22
Coaxial Feeder,RFS / LCF 158,Baik,TVRI Pusat Jatim,2013-01-22
Coaxial Feeder,RFS / LCF 158,Baik,TVRI Pusat Jatim,2013-01-22
Coaxial Feeder,RFS / LCF 158,Baik,TVRI Pusat Jatim,2013-01-22
Coaxial Feeder,RFS / LCF 158,Baik,TVRI Pusat Jatim,2013-01-22
Coaxial Feeder,RFS / LCF 158,Baik,TVRI Pusat Jatim,2013-01-22
Coaxial Feeder,RFS / LCF 158,Baik,TVRI Pusat Jatim,2013-01-22
Coaxial Feeder,RFS / LCF 158,Baik,TVRI Pusat Jatim,2013-01-22
Coaxial Feeder,RFS / LCF 158,Baik,TVRI Pusat Jatim,2013-01-22
Coaxial Feeder,RFS / LCF 158,Baik,TVRI Pusat Jatim,2013-01-22
Coaxial Feeder,RFS / LCF 158,Baik,TVRI Pusat Jatim,2013-01-22
Coaxial Feeder,RFS / LCF 158,Baik,TVRI Pusat Jatim,2013-01-22
Coaxial Feeder,RFS / LCF 158,Baik,TVRI Pusat Jatim,2013-01-22
Coaxial Feeder,RFS / LCF 158,Baik,TVRI Pusat Jatim,2013-01-22
Coaxial Feeder,RFS / LCF 158,Baik,TVRI Pusat Jatim,2013-01-22
Coaxial Feeder,RFS / LCF 158,Baik,TVRI Pusat Jatim,2013-01-22
Coaxial Feeder,RFS / LCF 158,Baik,TVRI Pusat Jatim,2013-01-22
Coaxial Feeder,RFS / LCF 158,Baik,TVRI Pusat Jatim,2013-01-22
Coaxial Feeder,RFS / LCF 158,Baik,TVRI Pusat Jatim,2013-01-22
Coaxial Feeder,RFS / LCF 158,Baik,TVRI Pusat Jatim,2013-01-22
Coaxial Feeder,RFS / LCF 158,Baik,TVRI Pusat Jatim,2013-01-22
Coaxial Feeder,RFS / LCF 158,Baik,TVRI Pusat Jatim,2013-01-22
Coaxial Feeder,RFS / LCF 158,Baik,TVRI Pusat Jatim,2013-01-22
Coaxial Feeder,RFS / LCF 158,Baik,TVRI Pusat Jatim,2013-01-22
Coaxial Feeder,RFS / LCF 158,Baik,TVRI Pusat Jatim,2013-01-22
Coaxial Feeder,RFS / LCF 158,Baik,TVRI Pusat Jatim,2013-01-22
Coaxial Feeder,RFS / LCF 158,Baik,TVRI Pusat Jatim,2013-01-22
Coaxial Feeder,RFS / LCF 158,Baik,TVRI Pusat Jatim,2013-01-22
Coaxial Feeder,RFS / LCF 158,Baik,TVRI Pusat Jatim,2013-01-22
Coaxial Feeder,RFS / LCF 158,Baik,TVRI Pusat Jatim,2013-01-22
Coaxial Feeder,RFS / LCF 158,Baik,TVRI Pusat Jatim,2013-01-22
Coaxial Feeder,RFS / LCF 158,Baik,TVRI Pusat Jatim,2013-01-22
Coaxial Feeder,RFS / LCF 158,Baik,TVRI Pusat Jatim,2013-01-22
Coaxial Feeder,RFS / LCF 158,Baik,TVRI Pusat Jatim,2013-01-22
Coaxial Feeder,RFS / LCF 158,Baik,TVRI Pusat Jatim,2013-01-22
Coaxial Feeder,RFS / LCF 158,Baik,TVRI Pusat Jatim,2013-01-22
Coaxial Feeder,RFS / LCF 158,Baik,TVRI Pusat Jatim,2013-01-22
Coaxial Feeder,RFS / LCF 158,Baik,TVRI Pusat Jatim,2013-01-22
Coaxial Feeder,RFS / LCF 158,Baik,TVRI Pusat Jatim,2013-01-22
Coaxial Feeder,RFS / LCF 158,Baik,TVRI Pusat Jatim,2013-01-22
Coaxial Feeder,RFS / LCF 158,Baik,TVRI Pusat Jatim,2013-01-22
Coaxial Feeder,RFS / LCF 158,Baik,TVRI Pusat Jatim,2013-01-22
Coaxial Feeder,RFS / LCF 158,Baik,TVRI Pusat Jatim,2013-01-22
Coaxial Feeder,RFS / LCF 158,Baik,TVRI Pusat Jatim,2013-01-22
Coaxial Feeder,RFS / LCF 158,Baik,TVRI Pusat Jatim,2013-01-22
Coaxial Feeder,RFS / LCF 158,Baik,TVRI Pusat Jatim,2013-01-22
Coaxial Feeder,RFS / LCF 158,Baik,TVRI Pusat Jatim,2013-01-22
Coaxial Feeder,RFS / LCF 158,Baik,TVRI Pusat Jatim,2013-01-22
Coaxial Feeder,RFS / LCF 158,Baik,TVRI Pusat Jatim,2013-01-22
Coaxial Feeder,RFS / LCF 158,Baik,TVRI Pusat Jatim,2013-01-22
Coaxial Feeder,RFS / LCF 158,Baik,TVRI Pusat Jatim,2013-01-22
Coaxial Feeder,RFS / LCF 158,Baik,TVRI Pusat Jatim,2013-01-22
Coaxial Feeder,RFS / LCF 158,Baik,TVRI Pusat Jatim,2013-01-22
Coaxial Feeder,RFS / LCF 158,Baik,TVRI Pusat Jatim,2013-01-22
Coaxial Feeder,RFS / LCF 158,Baik,TVRI Pusat Jatim,2013-01-22
Coaxial Feeder,RFS / LCF 158,Baik,TVRI Pusat Jatim,2013-01-22
Coaxial Feeder,RFS / LCF 158,Baik,TVRI Pusat Jatim,2013-01-22
Coaxial Feeder,RFS / LCF 158,Baik,TVRI Pusat Jatim,2013-01-22
Coaxial Feeder,RFS / LCF 158,Baik,TVRI Pusat Jatim,2013-01-22
Coaxial Feeder,RFS / LCF 158,Baik,TVRI Pusat Jatim,2013-01-22
Coaxial Feeder,RFS / LCF 158,Baik,TVRI Pusat Jatim,2013-01-22
Coaxial Feeder,RFS / LCF 158,Baik,TVRI Pusat Jatim,2013-01-22
Coaxial Feeder,RFS / LCF 158,Baik,TVRI Pusat Jatim,2013-01-22
Coaxial Feeder,RFS / LCF 158,Baik,TVRI Pusat Jatim,2013-01-22
Coaxial Feeder,RFS / LCF 158,Baik,TVRI Pusat Jatim,2013-01-22
"Feeder Lainnya (Alat Studio, Komunikasi Dan Pemancar)","Feeder Lainnya (Alat Studio, Komunikasi Dan Pemanc",Baik,TVRI Pusat Jatim,2017-12-31
"Feeder Lainnya (Alat Studio, Komunikasi Dan Pemancar)","Feeder Lainnya (Alat Studio, Komunikasi Dan Pemanc",Baik,TVRI Pusat Jatim,2017-12-31
"Feeder Lainnya (Alat Studio, Komunikasi Dan Pemancar)","Feeder Lainnya (Alat Studio, Komunikasi Dan Pemanc",Baik,TVRI Pusat Jatim,2017-12-31
"Feeder Lainnya (Alat Studio, Komunikasi Dan Pemancar)","Feeder Lainnya (Alat Studio, Komunikasi Dan Pemanc",Baik,TVRI Pusat Jatim,2017-12-31
"Feeder Lainnya (Alat Studio, Komunikasi Dan Pemancar)","Feeder Lainnya (Alat Studio, Komunikasi Dan Pemanc",Baik,TVRI Pusat Jatim,2017-12-31
Change Over Switch,Socomec,Baik,TVRI Pusat Jatim,2012-12-05
Antene Penerima VHF,,Baik,TVRI Pusat Jatim,1978-12-31
Antene Penerima VHF,,Baik,TVRI Pusat Jatim,1978-12-31
Antene Penerima VHF,,Baik,TVRI Pusat Jatim,1978-12-31
Antene Penerima VHF,,Baik,TVRI Pusat Jatim,1978-12-31
Antene Penerima VHF,,Baik,TVRI Pusat Jatim,1978-12-31
Antene Penerima VHF,,Baik,TVRI Pusat Jatim,1978-12-31
Antene Penerima VHF,,Baik,TVRI Pusat Jatim,1978-12-31
Peralatan Antena Penerima VHF,,Baik,TVRI Pusat Jatim,1994-12-31
Peralatan Antena Penerima VHF,,Baik,TVRI Pusat Jatim,1994-12-31
Peralatan Antena Penerima VHF,,Baik,TVRI Pusat Jatim,1994-12-31
Peralatan Antena Penerima VHF,,Baik,TVRI Pusat Jatim,1994-12-31
Peralatan Antena Penerima VHF,,Baik,TVRI Pusat Jatim,1994-12-31
Peralatan Antena Penerima VHF,,Baik,TVRI Pusat Jatim,1994-12-31
Peralatan Antena Penerima VHF,,Baik,TVRI Pusat Jatim,1994-12-31
Peralatan Antena Penerima VHF,,Baik,TVRI Pusat Jatim,1994-12-31
Peralatan Antena Penerima VHF,,Baik,TVRI Pusat Jatim,1994-12-31
Peralatan Antena Penerima VHF,,Baik,TVRI Pusat Jatim,1994-12-31
Peralatan Antena Penerima VHF,,Baik,TVRI Pusat Jatim,1994-12-31
Peralatan Antena Penerima VHF,,Baik,TVRI Pusat Jatim,1994-12-31
Peralatan Antena Penerima VHF,,Baik,TVRI Pusat Jatim,1994-12-31
Peralatan Antena Penerima VHF,,Baik,TVRI Pusat Jatim,1994-12-31
Peralatan Antena Penerima VHF,,Baik,TVRI Pusat Jatim,1994-12-31
Peralatan Antena Penerima VHF,,Baik,TVRI Pusat Jatim,1994-12-31
Peralatan Antena Penerima VHF,,Baik,TVRI Pusat Jatim,1994-12-31
Peralatan Antena Penerima VHF,,Baik,TVRI Pusat Jatim,1994-12-31
Peralatan Antena Penerima VHF,,Baik,TVRI Pusat Jatim,1994-12-31
Peralatan Pemancar dan Penerima VHF lainnya,,Baik,TVRI Pusat Jatim,2008-12-31
Peralatan Pemancar dan Penerima VHF lainnya,,Baik,TVRI Pusat Jatim,1998-12-31
Peralatan Pemancar dan Penerima VHF lainnya,,Baik,TVRI Pusat Jatim,1971-12-31
Peralatan Pemancar dan Penerima VHF lainnya,,Baik,TVRI Pusat Jatim,1998-12-31
Peralatan Pemancar dan Penerima VHF lainnya,,Baik,TVRI Pusat Jatim,1971-12-31
Peralatan Pemancar dan Penerima VHF lainnya,,Baik,TVRI Pusat Jatim,1977-12-31
Peralatan Pemancar dan Penerima VHF lainnya,,Baik,TVRI Pusat Jatim,1977-12-31
Peralatan Pemancar dan Penerima VHF lainnya,,Baik,TVRI Pusat Jatim,1977-12-31
Peralatan Pemancar dan Penerima VHF lainnya,,Baik,TVRI Pusat Jatim,1978-12-31
Peralatan Pemancar dan Penerima VHF lainnya,,Baik,TVRI Pusat Jatim,1978-12-31
Peralatan Pemancar dan Penerima VHF lainnya,,Baik,TVRI Pusat Jatim,1979-12-31
Peralatan Pemancar dan Penerima VHF lainnya,,Baik,TVRI Pusat Jatim,1998-12-31
Peralatan Pemancar dan Penerima VHF lainnya,,Baik,TVRI Pusat Jatim,1985-12-31
Peralatan Pemancar dan Penerima VHF lainnya,,Baik,TVRI Pusat Jatim,1985-12-31
Peralatan Pemancar dan Penerima VHF lainnya,,Baik,TVRI Pusat Jatim,1985-12-31
Peralatan Pemancar dan Penerima VHF lainnya,,Baik,TVRI Pusat Jatim,2008-12-31
Genset,Genset / Generator,Baik,TVRI Pusat Jatim,2016-11-23
Genset,Genset Portable SHX 2000 Elemax,Baik,TVRI Pusat Jatim,2017-09-29